22;63;01;1;0977278;00157;ul.;Akacjowa;;2020-12-29
22;63;01;1;0977278;51324;al.;Aleja 3-go Maja;;2020-12-29
22;63;01;1;0977278;51980;inne;Aleja Brzozowa;;2020-12-29
22;63;01;1;0977278;31143;ul.;Aluchny-Emelianow;Marty;2020-12-29
22;63;01;1;0977278;48109;ul.;Andersa;Gen. Władysława;2020-12-29
22;63;01;1;0977278;00393;ul.;Arciszewskiego;Krzysztofa;2020-12-29
22;63;01;1;0977278;00432;ul.;Armii Krajowej;;2020-12-29
22;63;01;1;0977278;31147;ul.;Awstrica;Romana;2020-12-29
22;63;01;1;0977278;00569;ul.;Baczyńskiego;Krzysztofa Kamila;2020-12-29
22;63;01;1;0977278;00656;ul.;Bałtycka;;2020-12-29
22;63;01;1;0977278;00666;ul.;Banacha;Stefana;2020-12-29
22;63;01;1;0977278;48749;ul.;Bartoszewskiego;Władysława;2020-12-29
22;63;01;1;0977278;00868;ul.;Batalionów Chłopskich;;2020-12-29
22;63;01;1;0977278;00904;ul.;Bauera;Jana;2020-12-29
22;63;01;1;0977278;01015;ul.;Bema;Józefa;2020-12-29
22;63;01;1;0977278;51982;ul.;Biernackiego;dra Edmunda;2020-12-29
22;63;01;1;0977278;36312;ul.;Bitwy Warszawskiej;;2020-12-29
22;63;01;1;0977278;31144;ul.;Bogdanowicza;Ignacego;2020-12-29
22;63;01;1;0977278;01601;ul.;Bogusława X;;2020-12-29
22;63;01;1;0977278;01681;ul.;Bohaterów Westerplatte;;2020-12-29
22;63;01;1;0977278;01742;ul.;Bolesława Chrobrego;;2020-12-29
22;63;01;1;0977278;01742;ul.;Chrobrego;;2020-12-29
22;63;01;1;0977278;01749;ul.;Bolesława Krzywoustego;;2020-12-29
22;63;01;1;0977278;39989;ul.;Bora-Komorowskiego;Generała Tadeusza;2020-12-29
22;63;01;1;0977278;01815;ul.;Borchardta;Karola;2020-12-29
22;63;01;1;0977278;01874;ul.;Borówkowa;;2020-12-29
22;63;01;1;0977278;01929;ul.;Boya-Żeleńskiego;Tadeusza;2020-12-29
22;63;01;1;0977278;02013;ul.;Braille'a;Ludwika;2020-12-29
22;63;01;1;0977278;02123;pl.;Broniewskiego;Władysława;2020-12-29
22;63;01;1;0977278;51322;ul.;Browicza;Prof. Tadeusza;2020-12-29
22;63;01;1;0977278;02276;ul.;Brzozowa;;2020-12-29
22;63;01;1;0977278;02293;ul.;Brzóski;ks.;2020-12-29
22;63;01;1;0977278;02387;ul.;Bukowa;;2020-12-29
22;63;01;1;0977278;36562;ul.;Bytnerowicza;Jerzego;2020-12-29
22;63;01;1;0977278;02561;ul.;Cecorska;;2020-12-29
22;63;01;1;0977278;02657;ul.;Chabrowa;;2020-12-29
22;63;01;1;0977278;02706;ul.;Chełmońskiego;Józefa;2020-12-29
22;63;01;1;0977278;02736;ul.;Chłapowskiego;gen. Dezyderego;2020-12-29
22;63;01;1;0977278;38223;ul.;Chłopickiego;Generała Józefa;2020-12-29
22;63;01;1;0977278;02790;ul.;Chocimska;;2020-12-29
22;63;01;1;0977278;26983;ul.;Chodkiewicza;Karola;2020-12-29
22;63;01;1;0977278;02849;ul.;Chopina;Fryderyka;2020-12-29
22;63;01;1;0977278;02859;ul.;Chorwacka;;2020-12-29
22;63;01;1;0977278;52120;ul.;Chotomskiej;Wandy;2020-12-29
22;63;01;1;0977278;02974;ul.;Cicha;;2020-12-29
22;63;01;1;0977278;03018;ul.;Cienista;;2020-12-29
22;63;01;1;0977278;03029;ul.;Cieplińskiego;Łukasza;2020-12-29
22;63;01;1;0977278;03098;ul.;Cisowa;;2020-12-29
22;63;01;1;0977278;03148;ul.;Curie-Skłodowskiej;Marii;2020-12-29
22;63;01;1;0977278;03191;ul.;Cyprysowa;;2020-12-29
22;63;01;1;0977278;31142;ul.;Czaplińskiego;Tadeusza;2020-12-29
22;63;01;1;0977278;03283;ul.;Czarnieckiego;Stefana;2020-12-29
22;63;01;1;0977278;03333;ul.;Czecha;Bronisława;2020-12-29
22;63;01;1;0977278;03639;ul.;Daszyńskiego;Ignacego;2020-12-29
22;63;01;1;0977278;03666;pl.;Dąbrowskiego;;2020-12-29
22;63;01;1;0977278;03691;ul.;Dąbrowskiej;Marii;2020-12-29
22;63;01;1;0977278;03701;ul.;Dąbrówki;;2020-12-29
22;63;01;1;0977278;03721;ul.;Degi;prof. Wiktora;2020-12-29
22;63;01;1;0977278;51314;ul.;Dembińskiego;Generała Henryka;2020-12-29
22;63;01;1;0977278;03762;ul.;Deotymy;;2020-12-29
22;63;01;1;0977278;03811;ul.;Dębowa;;2020-12-29
22;63;01;1;0977278;03839;ul.;Długa;;2020-12-29
22;63;01;1;0977278;03851;ul.;Długosza;Jana;2020-12-29
22;63;01;1;0977278;03868;ul.;Dmowskiego;Romana;2020-12-29
22;63;01;1;0977278;04102;ul.;Dominikańska;;2020-12-29
22;63;01;1;0977278;04177;ul.;Drewniana;;2020-12-29
22;63;01;1;0977278;34755;ul.;Druyffa;Jana;2020-12-29
22;63;01;1;0977278;04314;ul.;Drzymały;;2020-12-29
22;63;01;1;0977278;04399;ul.;Dunikowskiego;Ksawerego;2020-12-29
22;63;01;1;0977278;04405;ul.;Duńska;;2020-12-29
22;63;01;1;0977278;04429;ul.;Dwernickiego;gen. Józefa;2020-12-29
22;63;01;1;0977278;04561;ul.;Dywizjonu 303;;2020-12-29
22;63;01;1;0977278;04833;ul.;Estońska;;2020-12-29
22;63;01;1;0977278;04863;ul.;Fabryczna;;2020-12-29
22;63;01;1;0977278;04889;ul.;Fałata;Juliana;2020-12-29
22;63;01;1;0977278;04970;ul.;Fiedlera;Arkadego;2020-12-29
22;63;01;1;0977278;05009;ul.;Filmowa;;2020-12-29
22;63;01;1;0977278;05023;ul.;Fińska;;2020-12-29
22;63;01;1;0977278;05027;ul.;Fiołkowa;;2020-12-29
22;63;01;1;0977278;37216;ul.;Fogga;Mieczysława;2020-12-29
22;63;01;1;0977278;51985;ul.;Frąckowskiego;dr med. Kazimierza;2020-12-29
22;63;01;1;0977278;50054;rondo;Freundlicha;Otto;2020-12-29
22;63;01;1;0977278;32033;ul.;Frycza Modrzewskiego;;2020-12-29
22;63;01;1;0977278;05265;ul.;Gajowa;;2020-12-29
22;63;01;1;0977278;05300;ul.;Gałczyńskiego;Konstantego Ildefonsa;2020-12-29
22;63;01;1;0977278;05345;ul.;Garncarska;;2020-12-29
22;63;01;1;0977278;05431;ul.;Gdańska;;2020-12-29
22;63;01;1;0977278;05441;ul.;Gdyńska;;2020-12-29
22;63;01;1;0977278;51984;ul.;Gellerta;dra Jana;2020-12-29
22;63;01;1;0977278;01970;ul.;Gierymskich;Braci;2020-12-29
22;63;01;1;0977278;05610;ul.;Głogowa;;2020-12-29
22;63;01;1;0977278;05627;ul.;Głowackiego;Bartosza;2020-12-29
22;63;01;1;0977278;05948;ul.;Górna;;2020-12-29
22;63;01;1;0977278;06052;ul.;Grabskiego;Władysława;2020-12-29
22;63;01;1;0977278;06075;ul.;Graniczna;;2020-12-29
22;63;01;1;0977278;06083;ul.;Grażyny;;2020-12-29
22;63;01;1;0977278;40269;ul.;Grechuty;Marka;2020-12-29
22;63;01;1;0977278;06163;ul.;Grodzka;;2020-12-29
22;63;01;1;0977278;06206;ul.;Grottgera;Artura;2020-12-29
22;63;01;1;0977278;06219;ul.;Grucy;prof. Adama;2020-12-29
22;63;01;1;0977278;06260;ul.;Grunwaldzka;;2020-12-29
22;63;01;1;0977278;06289;ul.;Gryfitki;Anny;2020-12-29
22;63;01;1;0977278;06341;ul.;Grzybowa;;2020-12-29
22;63;01;1;0977278;39632;rondo;Hallera;gen. Józefa;2020-12-29
22;63;01;1;0977278;06602;ul.;Henryka Pobożnego;;2020-12-29
22;63;01;1;0977278;31283;ul.;Herberta;Zbigniewa;2020-12-29
22;63;01;1;0977278;36748;ul.;Herbsta;prof. Stanisława;2020-12-29
22;63;01;1;0977278;06705;ul.;Hołdu Pruskiego;;2020-12-29
22;63;01;1;0977278;06776;ul.;Hubalczyków;;2020-12-29
22;63;01;1;0977278;34315;ul.;Inwestycyjna;;2020-12-29
22;63;01;1;0977278;06944;ul.;Iwaszkiewicza;Jarosława;2020-12-29
22;63;01;1;0977278;10003;ul.;Jadwigi;Królowej;2020-12-29
22;63;01;1;0977278;07029;ul.;Jagiellońska;;2020-12-29
22;63;01;1;0977278;07097;ul.;Jałowcowa;;2020-12-29
22;63;01;1;0977278;07117;ul.;Jana Kazimierza;;2020-12-29
22;63;01;1;0977278;07123;ul.;Jana Pawła II;;2020-12-29
22;63;01;1;0977278;20427;ul.;Jana Sobieskiego;;2020-12-29
22;63;01;1;0977278;07240;ul.;Jaracza;Stefana;2020-12-29
22;63;01;1;0977278;07290;ul.;Jarzębinowa;;2020-12-29
22;63;01;1;0977278;07335;ul.;Jasna;;2020-12-29
22;63;01;1;0977278;07353;ul.;Jastruna;Mieczysława;2020-12-29
22;63;01;1;0977278;07380;ul.;Jaśminowa;;2020-12-29
22;63;01;1;0977278;07394;ul.;Jaworowa;;2020-12-29
22;63;01;1;0977278;07435;ul.;Jedności Narodowej;;2020-12-29
22;63;01;1;0977278;07506;ul.;Jesionowa;;2020-12-29
22;63;01;1;0977278;07582;ul.;Jodłowa;;2020-12-29
22;63;01;1;0977278;07606;ul.;Jordana;Henryka;2020-12-29
22;63;01;1;0977278;41071;ul.;Josepha;Rabina dr. Maxa;2020-12-29
22;63;01;1;0977278;37217;ul.;Kaczmarskiego;Jacka;2020-12-29
22;63;01;1;0977278;07759;ul.;Kadłubka;Wincentego;2020-12-29
22;63;01;1;0977278;07804;ul.;Kalinowa;;2020-12-29
22;63;01;1;0977278;08153;ul.;Kasprowicza;Jana;2020-12-29
22;63;01;1;0977278;08171;ul.;Kasztanowa;;2020-12-29
22;63;01;1;0977278;08183;ul.;Kaszubska;;2020-12-29
22;63;01;1;0977278;08396;ul.;Kiepury;Jana;2020-12-29
22;63;01;1;0977278;31136;ul.;Kijowskiego;Władysława;2020-12-29
22;63;01;1;0977278;08435;ul.;Kilińskiego;Jana;2020-12-29
22;63;01;1;0977278;08574;ul.;Klonowa;;2020-12-29
22;63;01;1;0977278;08664;ul.;Kniaziewicza;Karola;2020-12-29
22;63;01;1;0977278;08728;ul.;Kochanowskiego;Jana;2020-12-29
22;63;01;1;0977278;50055;rondo;Kolbego;św. Maksymiliana;2020-12-29
22;63;01;1;0977278;09000;ul.;Kołłątaja;;2020-12-29
22;63;01;1;0977278;09009;ul.;Kołobrzeska;;2020-12-29
22;63;01;1;0977278;09111;ul.;Konarskiego;Stanisława;2020-12-29
22;63;01;1;0977278;09186;ul.;Konopnickiej;Marii;2020-12-29
22;63;01;1;0977278;09223;ul.;Konwaliowa;;2020-12-29
22;63;01;1;0977278;09282;ul.;Kopernika;Mikołaja;2020-12-29
22;63;01;1;0977278;09357;ul.;Korfantego;Wojciecha;2020-12-29
22;63;01;1;0977278;09463;ul.;Kossaka;Juliusza;2020-12-29
22;63;01;1;0977278;09503;ul.;Kosynierów Gdyńskich;;2020-12-29
22;63;01;1;0977278;09509;ul.;Koszalińska;;2020-12-29
22;63;01;1;0977278;09582;ul.;Kościuszki;Tadeusza;2020-12-29
22;63;01;1;0977278;09605;ul.;Kotarbińskiego;prof. Tadeusza;2020-12-29
22;63;01;1;0977278;09665;ul.;Kowalska;;2020-12-29
22;63;01;1;0977278;09719;ul.;Kozietulskiego;Jana;2020-12-29
22;63;01;1;0977278;09782;ul.;Krajewskiego;Rafała;2020-12-29
22;63;01;1;0977278;09808;ul.;Krakusa;;2020-12-29
22;63;01;1;0977278;09848;ul.;Krasińskiego;Zygmunta;2020-12-29
22;63;01;1;0977278;10157;ul.;Krzywa;;2020-12-29
22;63;01;1;0977278;50057;rondo;Kurowskiej;Zofii;2020-12-29
22;63;01;1;0977278;10493;ul.;Kusocińskiego;Janusza;2020-12-29
22;63;01;1;0977278;31137;ul.;Kwapisza;Władysława;2020-12-29
22;63;01;1;0977278;10562;ul.;Kwiatowa;;2020-12-29
22;63;01;1;0977278;10718;ul.;Lawendowa;;2020-12-29
22;63;01;1;0977278;10775;ul.;Legionów Polskich;;2020-12-29
22;63;01;1;0977278;10780;ul.;Legnicka;;2020-12-29
22;63;01;1;0977278;10793;ul.;Lelewela;Joachima;2020-12-29
22;63;01;1;0977278;10870;ul.;Leszczynowa;;2020-12-29
22;63;01;1;0977278;10898;ul.;Leśna;;2020-12-29
22;63;01;1;0977278;50053;rondo;Lewenstam;Zofii;2020-12-29
22;63;01;1;0977278;11074;ul.;Limanowskiego;Bolesława;2020-12-29
22;63;01;1;0977278;11139;ul.;Lipowa;;2020-12-29
22;63;01;1;0977278;11205;ul.;Listopada;11;2020-12-29
22;63;01;1;0977278;11223;ul.;Litewska;;2020-12-29
22;63;01;1;0977278;11242;ul.;Lokajskiego;Eugeniusza;2020-12-29
22;63;01;1;0977278;11265;ul.;Lotha;prof.;2020-12-29
22;63;01;1;0977278;26969;ul.;Lutosławskiego;Witolda;2020-12-29
22;63;01;1;0977278;31141;ul.;Łady-Cybulskiego;Edwarda;2020-12-29
22;63;01;1;0977278;38322;ul.;Łajming;Anny;2020-12-29
22;63;01;1;0977278;11596;ul.;Łąkowa;;2020-12-29
22;63;01;1;0977278;11687;ul.;Łotewska;;2020-12-29
22;63;01;1;0977278;11749;ul.;Łukasiewicza;Ignacego;2020-12-29
22;63;01;1;0977278;32202;ul.;Madalińskiego;Antoniego;2020-12-29
22;63;01;1;0977278;12004;ul.;Makowa;;2020-12-29
22;63;01;1;0977278;12037;ul.;Malczewskiego;Jacka;2020-12-29
22;63;01;1;0977278;12065;ul.;Malinowa;;2020-12-29
22;63;01;1;0977278;12130;ul.;Małachowskiego;Stanisława;2020-12-29
22;63;01;1;0977278;12133;ul.;Małcużyńskiego;Witolda;2020-12-29
22;63;01;1;0977278;12418;ul.;Marusarzówny;Heleny;2020-12-29
22;63;01;1;0977278;12489;ul.;Matejki;Jana;2020-12-29
22;63;01;1;0977278;46155;ul.;Mazowieckiego;Tadeusza;2020-12-29
22;63;01;1;0977278;51320;ul.;Michałowskiego;profesora Kazimierza;2020-12-29
22;63;01;1;0977278;12740;ul.;Mickiewicza;Adama;2020-12-29
22;63;01;1;0977278;12765;ul.;Miedziana;;2020-12-29
22;63;01;1;0977278;12772;ul.;Miejska;;2020-12-29
22;63;01;1;0977278;12810;ul.;Mierosławskiego;Ludwika;2020-12-29
22;63;01;1;0977278;12832;ul.;Mieszka I;;2020-12-29
22;63;01;1;0977278;12896;ul.;Mikołajska;;2020-12-29
22;63;01;1;0977278;12964;ul.;Miłosza;Czesława;2020-12-29
22;63;01;1;0977278;55522;ul.;Mireckiej;Mirosławy;2020-12-29
22;63;01;1;0977278;51514;ul.;MKS Cieśliki;;2020-12-29
22;63;01;1;0977278;13132;ul.;Młyńska;;2020-12-29
22;63;01;1;0977278;13154;ul.;Mochnackiego;Maurycego;2020-12-29
22;63;01;1;0977278;51983;ul.;Modrzejewskiego;dra Alfonsa;2020-12-29
22;63;01;1;0977278;13184;ul.;Modrzewiowa;;2020-12-29
22;63;01;1;0977278;13246;ul.;Moniuszki;Stanisława;2020-12-29
22;63;01;1;0977278;13279;ul.;Morcinka;Gustawa;2020-12-29
22;63;01;1;0977278;13296;ul.;Morska;;2020-12-29
22;63;01;1;0977278;13378;ul.;Mostnika;Michała;2020-12-29
22;63;01;1;0977278;13486;ul.;Murarska;;2020-12-29
22;63;01;1;0977278;13563;ul.;Myśliwska;;2020-12-29
22;63;01;1;0977278;13665;ul.;Na Skarpie;;2020-12-29
22;63;01;1;0977278;13706;ul.;Na Wzgórzu;;2020-12-29
22;63;01;1;0977278;13830;ul.;Nad Śluzami;;2020-12-29
22;63;01;1;0977278;40077;ul.;Nalepy;Tadeusza;2020-12-29
22;63;01;1;0977278;13967;ul.;Nałkowskiej;Zofii;2020-12-29
22;63;01;1;0977278;14018;ul.;Narutowicza;Gabriela;2020-12-29
22;63;01;1;0977278;14140;ul.;Niedziałkowskiego;Mieczysława;2020-12-29
22;63;01;1;0977278;27319;ul.;Niemcewicza;Juliana;2020-12-29
22;63;01;1;0977278;37219;ul.;Niemena;Czesława;2020-12-29
22;63;01;1;0977278;14316;ul.;Norweska;;2020-12-29
22;63;01;1;0977278;14319;ul.;Norwida;Cypriana Kamila;2020-12-29
22;63;01;1;0977278;37415;ul.;Nowaka-Jeziorańskiego;Jana;2020-12-29
22;63;01;1;0977278;14411;ul.;Nowobramska;;2020-12-29
22;63;01;1;0977278;14495;ul.;Nowowiejska;;2020-12-29
22;63;01;1;0977278;51981;al.;Nullo;Francesco;2020-12-29
22;63;01;1;0977278;14663;ul.;Obrońców Wybrzeża;;2020-12-29
22;63;01;1;0977278;14834;ul.;Ogrodowa;;2020-12-29
22;63;01;1;0977278;14945;ul.;Olchowa;;2020-12-29
22;63;01;1;0977278;14989;ul.;Olimpijska;;2020-12-29
22;63;01;1;0977278;15126;ul.;Ordonówny;Hanki;2020-12-29
22;63;01;1;0977278;15140;ul.;Orkana;Władysława;2020-12-29
22;63;01;1;0977278;15148;ul.;Orląt Lwowskich;;2020-12-29
22;63;01;1;0977278;15174;ul.;Orłowicza;Mieczysława;2020-12-29
22;63;01;1;0977278;51323;ul.;Orłowskiego;Prof. Wiktora;2020-12-29
22;63;01;1;0977278;15211;ul.;Orzeszkowej;Elizy;2020-12-29
22;63;01;1;0977278;31466;ul.;Osieckiej;Agnieszki;2020-12-29
22;63;01;1;0977278;15384;ul.;Ostroroga;Jana;2020-12-29
22;63;01;1;0977278;15479;ul.;Owocowa;;2020-12-29
22;63;01;1;0977278;15532;ul.;Paderewskiego;Ignacego Jana;2020-12-29
22;63;01;1;0977278;50061;rondo;Papisten;Triny;2020-12-29
22;63;01;1;0977278;50366;park;Park im. Józefa Trendela;;2020-12-29
22;63;01;1;0977278;53772;park;Park Ireny Sendlerowej;;2020-12-29
22;63;01;1;0977278;15710;ul.;Parkowa;;2020-12-29
22;63;01;1;0977278;15733;ul.;Partyzantów;;2020-12-29
22;63;01;1;0977278;15822;ul.;Paukszty;Eugeniusza;2020-12-29
22;63;01;1;0977278;16057;ul.;Piastów;;2020-12-29
22;63;01;1;0977278;16116;ul.;Piekiełko;;2020-12-29
22;63;01;1;0977278;31083;ul.;Pileckiego;Rotmistrza Witolda;2020-12-29
22;63;01;1;0977278;16264;ul.;Piłsudskiego;Józefa;2020-12-29
22;63;01;1;0977278;38321;ul.;Pio;Świętego Ojca;2020-12-29
22;63;01;1;0977278;39985;ul.;Piotra;Świętego;2020-12-29
22;63;01;1;0977278;50360;pl.;Plac Błogosławionego Bronisława Kostkowskiego;;2020-12-29
22;63;01;1;0977278;16531;ul.;Płowiecka;;2020-12-29
22;63;01;1;0977278;16713;ul.;Podchorążych;;2020-12-29
22;63;01;1;0977278;16742;ul.;Podgórna;;2020-12-29
22;63;01;1;0977278;16900;ul.;Pogodna;;2020-12-29
22;63;01;1;0977278;27712;ul.;Policjantów;;2020-12-29
22;63;01;1;0977278;17011;ul.;Polna;;2020-12-29
22;63;01;1;0977278;17088;ul.;Pomorska;;2020-12-29
22;63;01;1;0977278;36749;pl.;Pomorskich;Książąt;2020-12-29
22;63;01;1;0977278;33487;ul.;Poniatowskiego;ks. Józefa;2020-12-29
22;63;01;1;0977278;17171;ul.;Poprzeczna;;2020-12-29
22;63;01;1;0977278;17217;ul.;Portowa;;2020-12-29
22;63;01;1;0977278;31145;ul.;Posmykiewicza;Jana;2020-12-29
22;63;01;1;0977278;17368;ul.;Powstańców Warszawskich;;2020-12-29
22;63;01;1;0977278;17377;ul.;Powstańców Wielkopolskich;;2020-12-29
22;63;01;1;0977278;17390;ul.;Poziomkowa;;2020-12-29
22;63;01;1;0977278;17394;ul.;Poznańska;;2020-12-29
22;63;01;1;0977278;17475;ul.;Prądzyńskiego;Ignacego;2020-12-29
22;63;01;1;0977278;17547;ul.;Prosta;;2020-12-29
22;63;01;1;0977278;17577;ul.;Prusa;Bolesława;2020-12-29
22;63;01;1;0977278;17635;ul.;Przechodnia;;2020-12-29
22;63;01;1;0977278;17740;ul.;Przemysława II;;2020-12-29
22;63;01;1;0977278;17742;ul.;Przemysłowa;;2020-12-29
22;63;01;1;0977278;44214;ul.;Przybory;Jeremiego;2020-12-29
22;63;01;1;0977278;17866;ul.;Przybosia;Juliana;2020-12-29
22;63;01;1;0977278;18024;ul.;Psie Pole;;2020-12-29
22;63;01;1;0977278;18095;ul.;Pułaskiego;gen. Kazimierza;2020-12-29
22;63;01;1;0977278;18273;ul.;Racławicka;;2020-12-29
22;63;01;1;0977278;18467;ul.;Raszyńska;;2020-12-29
22;63;01;1;0977278;18565;ul.;Reja;Mikołaja;2020-12-29
22;63;01;1;0977278;18575;ul.;Rejtana;Tadeusza;2020-12-29
22;63;01;1;0977278;41478;ul.;Religi;prof. Zbigniewa;2020-12-29
22;63;01;1;0977278;31138;ul.;Repelowskiego;Stanisława;2020-12-29
22;63;01;1;0977278;18648;ul.;Reymonta;Władysława;2020-12-29
22;63;01;1;0977278;46045;ul.;Riedla;Ryszarda;2020-12-29
22;63;01;1;0977278;18847;ul.;Romera;prof. Eugeniusza;2020-12-29
22;63;01;1;0977278;40841;rondo;Rondo "Solidarności";;2020-12-29
22;63;01;1;0977278;50358;rondo;Rondo Aleksego Antkiewicza;;2020-12-29
22;63;01;1;0977278;55628;rondo;Rondo gen. bryg. Mieczysława Mozdyniewicza;;2020-12-29
22;63;01;1;0977278;50357;rondo;Rondo gen. bryg. Stanisława Grzmota-Skotnickiego;;2020-12-29
22;63;01;1;0977278;51296;rondo;rondo Generała Ryszarda Kuklińskiego;;2020-12-29
22;63;01;1;0977278;50494;rondo;Rondo harcmistrza Stanisława Kiejdo;;2020-12-29
22;63;01;1;0977278;56674;rondo;Rondo Im. Haliny Jastrzębskiej;;2020-12-29
22;63;01;1;0977278;50354;rondo;Rondo Inwalidów Wojennych RP;;2020-12-29
22;63;01;1;0977278;52119;rondo;rondo Izabeli Jarugi-Nowackiej;;2020-12-29
22;63;01;1;0977278;42548;rondo;Rondo Jacka Kuronia;;2020-12-29
22;63;01;1;0977278;56677;rondo;Rondo Kolejarzy Słupskich;;2020-12-29
22;63;01;1;0977278;50368;rondo;Rondo Konstytucji;;2020-12-29
22;63;01;1;0977278;50352;rondo;Rondo Księdza Biskupa Ignacego Jeża;;2020-12-29
22;63;01;1;0977278;50356;rondo;Rondo Stanisława Kądzieli;;2020-12-29
22;63;01;1;0977278;49194;rondo;Rondo Staromiejskie;;2020-12-29
22;63;01;1;0977278;50364;rondo;Rondo Stefana Kisielewskiego;;2020-12-29
22;63;01;1;0977278;50359;rondo;Rondo Stefana Morawskiego;;2020-12-29
22;63;01;1;0977278;50362;rondo;Rondo Witolda Zblewskiego;;2020-12-29
22;63;01;1;0977278;44137;rondo;Rondo Zesłańców Sybiru;;2020-12-29
22;63;01;1;0977278;51319;ul.;Roweckiego "GROTA";Generała Stefana;2020-12-29
22;63;01;1;0977278;19000;ul.;Różana;;2020-12-29
22;63;01;1;0977278;19142;ul.;Rybacka;;2020-12-29
22;63;01;1;0977278;51321;ul.;Rydygiera;Prof. Ludwika;2020-12-29
22;63;01;1;0977278;19274;ul.;Rynek Rybacki;;2020-12-29
22;63;01;1;0977278;19335;ul.;Rzemieślnicza;;2020-12-29
22;63;01;1;0977278;19404;ul.;Sadowa;;2020-12-29
22;63;01;1;0977278;19581;ul.;Sądowa;;2020-12-29
22;63;01;1;0977278;51515;ul.;Sibeliusa;Jeana;2020-12-29
22;63;01;1;0977278;50065;rondo;Siedzikówny ps. Inka;Danuty;2020-12-29
22;63;01;1;0977278;19831;al.;Sienkiewicza;Henryka;2020-12-29
22;63;01;1;0977278;19866;ul.;Sierpinka;;2020-12-29
22;63;01;1;0977278;19907;ul.;Sikorskiego;gen. Władysława;2020-12-29
22;63;01;1;0977278;20012;ul.;Skargi;Piotra;2020-12-29
22;63;01;1;0977278;51989;skwer;Skwer im. Heinricha von Stephana;;2020-12-29
22;63;01;1;0977278;51988;skwer;Skwer im. Heleny Szpilewskiej;;2020-12-29
22;63;01;1;0977278;56672;skwer;Skwer Im. Jana Dydaka;;2020-12-29
22;63;01;1;0977278;20198;ul.;Sławieńska;;2020-12-29
22;63;01;1;0977278;20254;ul.;Słoneczna;;2020-12-29
22;63;01;1;0977278;20291;ul.;Słowackiego;Juliusza;2020-12-29
22;63;01;1;0977278;20294;ul.;Słowiańska;;2020-12-29
22;63;01;1;0977278;50064;rondo;Słupskiego Pułku Lotnictwa Myśliwskiego;28;2020-12-29
22;63;01;1;0977278;31146;ul.;Sojki;Stanisława;2020-12-29
22;63;01;1;0977278;51318;ul.;Sokolnickiego;Generała Michała;2020-12-29
22;63;01;1;0977278;20551;ul.;Solskiego;Ludwika;2020-12-29
22;63;01;1;0977278;20598;ul.;Sosnowa;;2020-12-29
22;63;01;1;0977278;37884;ul.;Sowińskiego;Generała Józefa;2020-12-29
22;63;01;1;0977278;20641;ul.;Spacerowa;;2020-12-29
22;63;01;1;0977278;20677;ul.;Spokojna;;2020-12-29
22;63;01;1;0977278;20683;ul.;Sportowa;;2020-12-29
22;63;01;1;0977278;20798;ul.;Staffa;Leopolda;2020-12-29
22;63;01;1;0977278;10878;ul.;Stanisława Leszczyńskiego;;2020-12-29
22;63;01;1;0977278;38746;ul.;Staniuków;Braci;2020-12-29
22;63;01;1;0977278;21030;pl.;Stary Rynek;;2020-12-29
22;63;01;1;0977278;21047;ul.;Starzyńskiego;Stefana;2020-12-29
22;63;01;1;0977278;21071;ul.;Staszica;Stanisława;2020-12-29
22;63;01;1;0977278;00891;ul.;Stefana Batorego;;2020-12-29
22;63;01;1;0977278;21308;ul.;Struga;Andrzeja;2020-12-29
22;63;01;1;0977278;21325;ul.;Strumykowa;;2020-12-29
22;63;01;1;0977278;21435;ul.;Stwosza;Wita;2020-12-29
22;63;01;1;0977278;21499;ul.;Sucharskiego;mjr. Henryka;2020-12-29
22;63;01;1;0977278;21575;ul.;Sułkowskiego;Józefa;2020-12-29
22;63;01;1;0977278;21654;ul.;Sygietyńskiego;Tadeusza;2020-12-29
22;63;01;1;0977278;31140;ul.;Szafranka;Franciszka;2020-12-29
22;63;01;1;0977278;36561;ul.;Szarmacha;Stanisława;2020-12-29
22;63;01;1;0977278;21787;ul.;Szarych Szeregów;;2020-12-29
22;63;01;1;0977278;21805;ul.;Szczecińska;;2020-12-29
22;63;01;1;0977278;21970;ul.;Szkolna;;2020-12-29
22;63;01;1;0977278;50062;rondo;Szołdry;Tadeusza;2020-12-29
22;63;01;1;0977278;46419;ul.;Szpilewskiego;Stanisława;2020-12-29
22;63;01;1;0977278;50056;rondo;Szumskiego;Jana;2020-12-29
22;63;01;1;0977278;22179;ul.;Szwedzka;;2020-12-29
22;63;01;1;0977278;22238;ul.;Szymanowskiego;Karola;2020-12-29
22;63;01;1;0977278;44360;ul.;św. Klary z Asyżu;;2020-12-29
22;63;01;1;0977278;22508;ul.;Świerkowa;;2020-12-29
22;63;01;1;0977278;22555;ul.;Świętopełka;;2020-12-29
22;63;01;1;0977278;22723;ul.;Teatralna;;2020-12-29
22;63;01;1;0977278;22738;ul.;Teligi;Leonida;2020-12-29
22;63;01;1;0977278;22880;ul.;Topolowa;;2020-12-29
22;63;01;1;0977278;22907;ul.;Towarowa;;2020-12-29
22;63;01;1;0977278;22944;ul.;Tramwajowa;;2020-12-29
22;63;01;1;0977278;22965;ul.;Traugutta;Romualda;2020-12-29
22;63;01;1;0977278;31139;ul.;Trzeciak;Aleksandry;2020-12-29
22;63;01;1;0977278;23184;ul.;Turystyczna;;2020-12-29
22;63;01;1;0977278;23196;ul.;Tuwima;Juliana;2020-12-29
22;63;01;1;0977278;50058;rondo;Usteckie;;2020-12-29
22;63;01;1;0977278;23514;ul.;Walasiewiczówny;Stanisławy;2020-12-29
22;63;01;1;0977278;45993;ul.;Walentynowicz;Anny;2020-12-29
22;63;01;1;0977278;23611;ul.;Wandy;;2020-12-29
22;63;01;1;0977278;23707;ul.;Waryńskiego;Ludwika;2020-12-29
22;63;01;1;0977278;23775;ul.;Wazów;;2020-12-29
22;63;01;1;0977278;23814;ul.;Wczasowa;;2020-12-29
22;63;01;1;0977278;50151;ul.;Wernera;Johannesa;2020-12-29
22;63;01;1;0977278;23912;ul.;Wędkarska;;2020-12-29
22;63;01;1;0977278;23972;ul.;Wiatraczna;;2020-12-29
22;63;01;1;0977278;24048;ul.;Wiejska;;2020-12-29
22;63;01;1;0977278;24063;ul.;Wielicka;;2020-12-29
22;63;01;1;0977278;24123;ul.;Wieniawskiego;Henryka;2020-12-29
22;63;01;1;0977278;24170;ul.;Wierzbowa;;2020-12-29
22;63;01;1;0977278;24289;ul.;Wileńska;;2020-12-29
22;63;01;1;0977278;24412;ul.;Wiśniowa;;2020-12-29
22;63;01;1;0977278;24432;ul.;Witkacego;;2020-12-29
22;63;01;1;0977278;24459;ul.;Witosa;Wincentego;2020-12-29
22;63;01;1;0977278;24490;ul.;Władysława IV;;2020-12-29
22;63;01;1;0977278;24494;ul.;Władysława Jagiełły;;2020-12-29
22;63;01;1;0977278;11653;ul.;Władysława Łokietka;;2020-12-29
22;63;01;1;0977278;24516;ul.;Włodkowica;Pawła;2020-12-29
22;63;01;1;0977278;24628;ul.;Wojska Polskiego;;2020-12-29
22;63;01;1;0977278;24687;ul.;Wolności;;2020-12-29
22;63;01;1;0977278;24806;ul.;Wrocławska;;2020-12-29
22;63;01;1;0977278;24908;ul.;Wybickiego;Józefa;2020-12-29
22;63;01;1;0977278;25061;ul.;Wysockiego;Piotra;2020-12-29
22;63;01;1;0977278;25067;ul.;Wysoka;;2020-12-29
22;63;01;1;0977278;25084;ul.;Wyspiańskiego;Stanisława;2020-12-29
22;63;01;1;0977278;25107;ul.;Wyszyńskiego;kard. Stefana;2020-12-29
22;63;01;1;0977278;25276;ul.;Zaborowskiej;Marii;2020-12-29
22;63;01;1;0977278;25305;ul.;Zachodnia;;2020-12-29
22;63;01;1;0977278;51317;ul.;Zajączka;Generała Józefa;2020-12-29
22;63;01;1;0977278;25536;ul.;Zamenhofa;Ludwika;2020-12-29
22;63;01;1;0977278;25540;ul.;Zamiejska;;2020-12-29
22;63;01;1;0977278;25547;ul.;Zamkowa;;2020-12-29
22;63;01;1;0977278;25561;ul.;Zamojskiego;Jana;2020-12-29
22;63;01;1;0977278;46046;ul.;Zauchy;Andrzeja;2020-12-29
22;63;01;1;0977278;26049;ul.;Ziei;ks. Jana;2020-12-29
22;63;01;1;0977278;50059;rondo;Zielińskiej;Barbary;2020-12-29
22;63;01;1;0977278;26081;ul.;Zielona;;2020-12-29
22;63;01;1;0977278;26129;ul.;Ziemowita;;2020-12-29
22;63;01;1;0977278;26188;ul.;Złota;;2020-12-29
22;63;01;1;0977278;26243;ul.;Zofii;Księżnej;2020-12-29
22;63;01;1;0977278;26325;pl.;Zwycięstwa;;2020-12-29
22;63;01;1;0977278;26334;ul.;Zygmunta Augusta;;2020-12-29
22;63;01;1;0977278;26433;ul.;Żelazna;;2020-12-29
22;63;01;1;0977278;26469;ul.;Żeromskiego;Stefana;2020-12-29
22;63;01;1;0977278;26529;ul.;Żółkiewskiego;Stanisława;2020-12-29
22;63;01;1;0977278;26585;ul.;Żurawinowa;;2020-12-29
22;63;01;1;0977278;26608;ul.;Żwirki i Wigury;;2020-12-29
22;63;01;1;0977278;07117;ul.;Kazimierza;Jana;2020-12-29